<?xml version="1.0" encoding="UTF-8"?>
<beans xmlns="http://www.springframework.org/schema/beans"
	xmlns:xsi="http://www.w3.org/2001/XMLSchema-instance"
	xmlns:mvc="http://www.springframework.org/schema/mvc"
	xmlns:tx="http://www.springframework.org/schema/tx"
	xmlns:context="http://www.springframework.org/schema/context"
	xmlns:jdbc="http://www.springframework.org/schema/jdbc"
	xsi:schemaLocation="http://www.springframework.org/schema/jdbc http://www.springframework.org/schema/jdbc/spring-jdbc-4.1.xsd
		http://www.springframework.org/schema/mvc http://www.springframework.org/schema/mvc/spring-mvc-4.1.xsd
		http://www.springframework.org/schema/beans http://www.springframework.org/schema/beans/spring-beans.xsd
		http://www.springframework.org/schema/context http://www.springframework.org/schema/context/spring-context-4.1.xsd
		http://www.springframework.org/schema/tx http://www.springframework.org/schema/tx/spring-tx-3.2.xsd">


	<tx:annotation-driven
		transaction-manager="transactionManager" />

	<bean id="dataSource"
		class="com.mchange.v2.c3p0.ComboPooledDataSource"
		destroy-method="close">
		<property name="driverClass"
			value="oracle.jdbc.driver.OracleDriver" />
		<property name="jdbcUrl"
			value="jdbc:oracle:thin:@localhost:1521:xe" />
		<property name="user" value="sharping" />
		<property name="password" value="1234" />
		<property name="maxPoolSize" value="100" />
		<property name="maxIdleTime" value="600" />
		<property name="idleConnectionTestPeriod" value="300" />
	</bean>

	<bean id="transactionManager"
		class="org.springframework.jdbc.datasource.DataSourceTransactionManager">
		<property name="dataSource" ref="dataSource"></property>
	</bean>

	<bean id="sqlSessionFactory"
		class="org.mybatis.spring.SqlSessionFactoryBean">
		<property name="dataSource" ref="dataSource" />
		<property name="configLocation"
			value="classpath:config/mybatis-config.xml" />
		<property name="mapperLocations">
			<list>
				<value>classpath:config/sqlmap-member.xml</value>
				<value>classpath:config/sqlmap-product.xml</value>
				<value>classpath:config/sqlmap-order.xml</value>
				<value>classpath:config/sqlmap-admin.xml</value>
			</list>
		</property>
	</bean>

	<bean id="sqlSessionTemplate"
		class="org.mybatis.spring.SqlSessionTemplate"
		destroy-method="clearCache">
		<constructor-arg ref="sqlSessionFactory" />
	</bean>

	<bean id="memberDAO" class="dao.MemberDAOImpl">
		<constructor-arg ref="sqlSessionTemplate"></constructor-arg>
	</bean>

	<bean id="memberServiceImpl" class="service.MemberServiceImpl">
		<property name="memberDAO" ref="memberDAO"></property>
		<property name="javaMailSender" ref="javaMailSender" />
	</bean>

	<bean id="productDAO" class="dao.ProductDAOImpl">
		<constructor-arg ref="sqlSessionTemplate"></constructor-arg>
	</bean>

	<bean id="productServiceImpl" class="service.ProductServiceImpl">
		<property name="productDAO" ref="productDAO"></property>
	</bean>
		
	<bean id="passwordEncoder" class="org.springframework.security.crypto.bcrypt.BCryptPasswordEncoder">
	</bean>

	<bean id="orderDAO" class="dao.OrderDAOImpl">
		<constructor-arg ref="sqlSessionTemplate"></constructor-arg>
	</bean>

	<bean id="orderServiceImpl" class="service.OrderServiceImpl">
		<property name="orderDAO" ref="orderDAO"></property>
	</bean>

	<bean id="adminDAO" class="dao.AdminDAOImpl" >
		<constructor-arg ref="sqlSessionTemplate" ></constructor-arg>
	</bean>

	<bean id="adminServiceImpl" class="service.AdminServiceImpl" >
		<property name="adminDAO" ref="adminDAO" ></property>
	</bean>

	<context:component-scan base-package="util"></context:component-scan>


</beans>
