<?xml version="1.0" encoding="UTF-8"?>
<beans xmlns="http://www.springframework.org/schema/beans"
	xmlns:xsi="http://www.w3.org/2001/XMLSchema-instance"
	xmlns:mvc="http://www.springframework.org/schema/mvc"
	xsi:schemaLocation="http://www.springframework.org/schema/beans 
	http://www.springframework.org/schema/beans/spring-beans.xsd
	http://www.springframework.org/schema/mvc
	http://www.springframework.org/schema/mvc/spring-mvc-4.1.xsd">

	<mvc:interceptors>

		<mvc:interceptor>

			<mvc:mapping path="/infoChange/**" />
			<mvc:mapping path="/infoChangeMember/**" />
			<mvc:mapping path="/infoChangeSeller/**" />
			<mvc:mapping path="/uploadProduct/**" />

			<bean class="interceptor.AuthCheckInterceptor" />

		</mvc:interceptor>

		<mvc:interceptor>

			<mvc:mapping path="/admin/**" />

			<bean class="interceptor.AdminInterceptor" />

		</mvc:interceptor>

	</mvc:interceptors>



	<bean id="memberController" class="controller.MemberController">
		<property name="memberService" ref="memberServiceImpl" />
		<property ref="adminServiceImpl" name="adminService" />
	</bean>

	<bean id="productController" class="controller.ProductController">
		<property name="productService" ref="productServiceImpl" />
		<property name="memberService" ref="memberServiceImpl" />
	</bean>

	<bean id="orderController" class="controller.OrderController">
		<property name="orderService" ref="orderServiceImpl"></property>
		<property name="productService" ref="productServiceImpl"></property>
		<property name="memberService" ref="memberServiceImpl"></property>
	</bean>

	<bean id="adminController" class="controller.AdminController">
		<property name="adminService" ref="adminServiceImpl" />
	</bean>

</beans>
