<?xml version="1.0" encoding="UTF-8"?>
<!DOCTYPE mapper PUBLIC "-//mybaits.org//DTD Mapper 3.0//EN"
"http://mybatis.org/dtd/mybatis-3-mapper.dtd">

<mapper namespace="memberDAO">

	<insert id="insertMember" parameterType="memberVO">
		INSERT INTO MEMBER VALUES (#{id}, #{password}, #{name}, #{phone}, #{email}, SYSDATE, 1, #{post}, #{address}, #{addressEtc})
	</insert>
	
	<insert id="insertSeller" parameterType="sellerVO">
		INSERT INTO SELLER VALUES (#{id}, #{storeName}, #{storeAddress}, #{storeText}, 1, #{bankCode}, #{bankAccount})
	</insert>
	
	<select id="selectIdByEmail" parameterType="String" resultType="String">
		SELECT "id" FROM MEMBER WHERE "email" = #{email} 
	</select>
	
	<select id="selectIdByPhone" parameterType="String" resultType="String">
		SELECT "id" FROM MEMBER WHERE "phone" = #{phone} 
	</select>
	
	<update id="updatePwByEmail" parameterType="changePwVO">
		UPDATE MEMBER SET "password" = #{newPassword} WHERE "email" = #{email}
	</update>
	
	<update id="updatePwByPhone" parameterType="changePwVO">
		UPDATE MEMBER SET "password" = #{newPassword} WHERE "phone" = #{phone}
	</update>
	
	<select  id="selectMemberById" resultType="memberVO" parameterType="String">
		SELECT * FROM MEMBER WHERE "id"=#{id}
	 </select>
	 
	 <select  id="selectSellerById" resultType="sellerVO" parameterType="String">
		SELECT * FROM SELLER WHERE "id"=#{id}
	 </select>

	<select  id="selectMemberId" resultType="int" parameterType="String">
		SELECT COUNT(*) FROM MEMBER WHERE "id"=#{id}
	 </select>
	 
	<update id="updatePwByIdPw" parameterType="changePwVO">
		UPDATE MEMBER SET "password" = #{newPassword} WHERE "id" = #{id} and "password" = #{password}
	</update>
	
	<update id="updateMemberInfoById" parameterType="changeMemberVO">
		UPDATE MEMBER SET "phone" = #{newPhone} , "email" = #{newEmail} "post" = #{newPost}, "address" = #{newAddress} "addressEtc" = #{newAddressEtc} WHERE "id" = #{id}
	</update>
	
	<delete id="deleteMemberByIdPw" parameterType="deleteVO">
		DELETE FROM MEMBER WHERE "id" = #{id} and "password" = #{password}
	</delete>
	
	<update id="updateSellerInfoById" parameterType="changeMemberVO">
		UPDATE SELLER SET 
		"storeName" = #{newStoreName} ,	"storeAddress" = #{newStoreAddress} , 
		"storeText" = #{newStoreText} ,	"bankCode" = #{newBankCode} , "bankAcount" = #{newBankAccount} WHERE "id" = #{id}
	</update>
	
	<select id="selectDeliveryAddressById" resultType="deliveryAddressVO">
		SELECT * FROM DELIVERYADDRESS WHERE "id" = #{id}
	</select>
	
	<select id="selectDeliveryAddressBydaaNameId" resultType="deliveryAddressVO">
		SELECT * FROM DELIVERYADDRESS WHERE "daaName" = #{daaName} AND "id" = #{id}
	</select>
	
	<insert id="insertDeliveryAddress" parameterType="deliveryAddressVO">
		INSERT INTO DELIVERYADDRESS VALUES (#{id}, #{daPost}, #{daAddress}, #{daaName}, #{daName}, #{daPhone}, #{daAddressEtc})
	</insert>
	
	<delete id="deleteDeliveryAddress" parameterType="deliveryAddressVO">
		DELETE FROM DELIVERYADDRESS WHERE "id" = #{id} AND "daaName" = #{daaName}
	</delete>
	
	<update id="updateDeliveryAddress" parameterType="deliveryAddressVO">
		UPDATE DELIVERYADDRESS SET "id" = #{id}, "daPost" = #{daPost}, "daAddress" = #{daAddress}, "daaName" = #{daaName}, "daName" = #{daName}, "daPhone" = #{daPhone} "daAddressEtc" = #{daAddressEtc} WHERE "id" = #{id}
	</update>

</mapper>