<?xml version="1.0" encoding="UTF-8"?>
<!DOCTYPE configuration PUBLIC "-//mybaits.org//DTD Config 3.0//EN"
"http://mybatis.org/dtd/mybatis-3-config.dtd">

<configuration>
	<!-- 마이바티스 작동 규칙 정의 -->
	<settings>
		<setting name="cacheEnabled" value="false"/>
		<setting name="useGeneratedKeys" value="false"/>
		<setting name="mapUnderscoreToCamelCase" value="true"/>
	</settings>
	<typeAliases>
		<typeAlias alias="memberVO" type="vo.MemberVO"></typeAlias>
		<typeAlias alias="sellerVO" type="vo.SellerVO"></typeAlias>
		<typeAlias alias="changePwVO" type="vo.ChangePwVO"></typeAlias>
		<typeAlias alias="changeMemberVO" type="vo.ChangeMemberVO"></typeAlias>
		<typeAlias alias="deleteVO" type="vo.DeleteVO"></typeAlias>
	</typeAliases>
</configuration>