<?xml version="1.0" encoding="UTF-8"?>
<beans xmlns="http://www.springframework.org/schema/beans"
	xmlns:xsi="http://www.w3.org/2001/XMLSchema-instance"
	xmlns:mvc="http://www.springframework.org/schema/mvc"
	xmlns:tx="http://www.springframework.org/schema/tx"
	xsi:schemaLocation="http://www.springframework.org/schema/mvc
		http://www.springframework.org/schema/mvc/spring-mvc-4.1.xsd
		http://www.springframework.org/schema/beans
		http://www.springframework.org/schema/beans/spring-beans.xsd
		http://www.springframework.org/schema/tx
		http://www.springframework.org/schema/tx/spring-tx-3.2.xsd">
		
		
	<tx:annotation-driven transaction-manager="transactionManager"/>
	
	<bean id="dataSource" class="com.mchange.v2.c3p0.ComboPooledDataSource" destroy-method="close">
		<property name="driverClass" value="oracle.jdbc.driver.OracleDriver"/>
		<property name="jdbcUrl" value="jdbc:oracle:thin:@localhost:1521:xe"/>
		<property name="user" value="sharping"/>
		<property name="password" value="1234"/>
		<property name="maxPoolSize" value="100"/>
		<property name="maxIdleTime" value="600"/>
		<property name="idleConnectionTestPeriod" value="300"/>
	</bean>
	
	<bean id="transactionManager" class="org.springframework.jdbc.datasource.DataSourceTransactionManager">
		<property name="dataSource" ref="dataSource"></property>
	</bean>
	
	<bean id="sqlSessionFactory" class="org.mybatis.spring.SqlSessionFactoryBean">
		<property name="dataSource" ref="dataSource"/>
		<property name="configLocation" value="classpath:config/mybatis-config.xml"/>
		<property name="mapperLocations">
			<list>
				<value>classpath:config/sqlmap-member.xml</value>
			</list>
		</property>
	</bean>
	
	<bean id="sqlSessionTemplate" class="org.mybatis.spring.SqlSessionTemplate" destroy-method="clearCache">
		<constructor-arg ref="sqlSessionFactory"/>
	</bean>
	
	<bean id="memberDAO" class="dao.MemberDAOImpl">
		<constructor-arg ref="sqlSessionTemplate"></constructor-arg>
	</bean>
	
	<bean id="memberServiceImpl" class="service.MemberServiceImpl">
		<property name="memberDAO" ref="memberDAO"></property>
		<property name="javaMailSender" ref="javaMailSender" />
	</bean>
	
	<bean id="passwordEncoder" class="org.springframework.security.crypto.bcrypt.BCryptPasswordEncoder">
	</bean>


</beans>
